<?xml version="1.0" encoding="US-ASCII"?>
<l:l10n xmlns:l="http://docbook.sourceforge.net/xmlns/l10n/1.0" language="bs" english-language-name="Bosnian">

<!-- This file is generated automatically. -->
<!-- Do not edit this file by hand! -->
<!-- See http://docbook.sourceforge.net/ -->
<!-- To update this file: edit the corresponding document at -->
<!-- http://cvs.sourceforge.net/cgi-bin/viewcvs.cgi/docbook/gentext/locale/ -->

   <l:gentext key="Abstract" text="Sa&#382;etak"/>
   <l:gentext key="abstract" text="Sa&#382;etak"/>
   <l:gentext key="Answer" text="O:"/>
   <l:gentext key="answer" text="O:"/>
   <l:gentext key="Appendix" text="Dodatak"/>
   <l:gentext key="appendix" text="Dodatak"/>
   <l:gentext key="Article" text="&#268;lanak"/>
   <l:gentext key="article" text="&#268;lanak"/>
   <l:gentext key="Bibliography" text="Literatura"/>
   <l:gentext key="bibliography" text="Literatura"/>
   <l:gentext key="Book" text="Knjiga"/>
   <l:gentext key="book" text="Knjiga"/>
   <l:gentext key="CAUTION" text="PA&#381;NJA"/>
   <l:gentext key="Caution" text="Pa&#382;nja"/>
   <l:gentext key="caution" text="Pa&#382;nja"/>
   <l:gentext key="Chapter" text="Poglavlje"/>
   <l:gentext key="chapter" text="Poglavlje"/>
   <l:gentext key="Colophon" text="Kolofon"/>
   <l:gentext key="colophon" text="Kolofon"/>
   <l:gentext key="Copyright" text="Autorska prava"/>
   <l:gentext key="copyright" text="Autorska prava"/>
   <l:gentext key="Dedication" text="Posveta"/>
   <l:gentext key="dedication" text="Posveta"/>
   <l:gentext key="Edition" text="Izdanje"/>
   <l:gentext key="edition" text="Izdanje"/>
   <l:gentext key="Equation" text="Jedna&#269;ina"/>
   <l:gentext key="equation" text="Jedna&#269;ina"/>
   <l:gentext key="Example" text="Primjer"/>
   <l:gentext key="example" text="Primjer"/>
   <l:gentext key="Figure" text="Slika"/>
   <l:gentext key="figure" text="Slika"/>
   <l:gentext key="Glossary" text="Glosar"/>
   <l:gentext key="glossary" text="Glosar"/>
   <l:gentext key="GlossSee" text="Vidi"/>
   <l:gentext key="glosssee" text="Vidi"/>
   <l:gentext key="GlossSeeAlso" text="Vidi tako&#273;e"/>
   <l:gentext key="glossseealso" text="Vidi tako&#273;e"/>
   <l:gentext key="IMPORTANT" text="VA&#381;NO"/>
   <l:gentext key="important" text="Va&#382;no"/>
   <l:gentext key="Important" text="Va&#382;no"/>
   <l:gentext key="Index" text="Indeks"/>
   <l:gentext key="index" text="Indeks"/>
   <l:gentext key="ISBN" text="ISBN"/>
   <l:gentext key="isbn" text="ISBN"/>
   <l:gentext key="LegalNotice" text="Pravne odredbe"/>
   <l:gentext key="legalnotice" text="Pravne odredbe"/>
   <l:gentext key="MsgAud" text="Primatelji"/>
   <l:gentext key="msgaud" text="Primatelji"/>
   <l:gentext key="MsgLevel" text="Nivo"/>
   <l:gentext key="msglevel" text="Nivo"/>
   <l:gentext key="MsgOrig" text="Izvor"/>
   <l:gentext key="msgorig" text="Izvor"/>
   <l:gentext key="NOTE" text="BILJE&#352;KA"/>
   <l:gentext key="Note" text="Bilje&#353;ka"/>
   <l:gentext key="note" text="Bilje&#353;ka"/>
   <l:gentext key="Part" text="Dio"/>
   <l:gentext key="part" text="Dio"/>
   <l:gentext key="Preface" text="Predgovor"/>
   <l:gentext key="preface" text="Predgovor"/>
   <l:gentext key="Procedure" text="Postupak"/>
   <l:gentext key="procedure" text="Postupak"/>
   <l:gentext key="ProductionSet" text="Produkcija"/>
   <l:gentext key="PubDate" text="Objavljeno"/>
   <l:gentext key="pubdate" text="Objavljeno"/>
   <l:gentext key="Published" text="Objavljeno"/>
   <l:gentext key="published" text="Objavljeno"/>
   <l:gentext key="Qandadiv" text="P &amp; O"/>
   <l:gentext key="qandadiv" text="P &amp; O"/>
   <l:gentext key="Question" text="P:"/>
   <l:gentext key="question" text="P:"/>
   <l:gentext key="RefEntry" text=""/>
   <l:gentext key="refentry" text=""/>
   <l:gentext key="Reference" text="Referenca"/>
   <l:gentext key="reference" text="Referenca"/>
   <l:gentext key="RefName" text="Ime"/>
   <l:gentext key="refname" text="Ime"/>
   <l:gentext key="RefSection" text=""/>
   <l:gentext key="refsection" text=""/>
   <l:gentext key="RefSynopsisDiv" text="Pregled"/>
   <l:gentext key="refsynopsisdiv" text="Pregled"/>
   <l:gentext key="RevHistory" text="Historija verzija"/>
   <l:gentext key="revhistory" text="Historija verzija"/>
   <l:gentext key="revision" text="Verzija"/>
   <l:gentext key="Revision" text="Verzija"/>
   <l:gentext key="sect1" text="Odjeljak"/>
   <l:gentext key="sect2" text="Odjeljak"/>
   <l:gentext key="sect3" text="Odjeljak"/>
   <l:gentext key="sect4" text="Odjeljak"/>
   <l:gentext key="sect5" text="Odjeljak"/>
   <l:gentext key="section" text="Odjeljak"/>
   <l:gentext key="Section" text="Odjeljak"/>
   <l:gentext key="see" text="vidi"/>
   <l:gentext key="See" text="Vidi"/>
   <l:gentext key="seealso" text="vidi tako&#273;e"/>
   <l:gentext key="Seealso" text="Vidi tako&#273;e"/>
   <l:gentext key="SeeAlso" text="Vidi tako&#273;e"/>
   <l:gentext key="set" text="Set"/>
   <l:gentext key="Set" text="Set"/>
   <l:gentext key="setindex" text="Indeks"/>
   <l:gentext key="SetIndex" text="Indeks"/>
   <l:gentext key="Sidebar" text=""/>
   <l:gentext key="sidebar" text="sidebar"/>
   <l:gentext key="step" text="korak"/>
   <l:gentext key="Step" text="Korak"/>
   <l:gentext key="Table" text="Tabela"/>
   <l:gentext key="table" text="Tabela"/>
   <l:gentext key="tip" text="Savjet"/>
   <l:gentext key="TIP" text="SAVJET"/>
   <l:gentext key="Tip" text="Savjet"/>
   <l:gentext key="Warning" text="Upozorenje"/>
   <l:gentext key="warning" text="Upozorenje"/>
   <l:gentext key="WARNING" text="UPOZORENJE"/>
   <l:gentext key="and" text="i"/>
   <l:gentext key="by" text="od"/>
   <l:gentext key="called" text="called"/>
   <l:gentext key="Edited" text="Izdao"/>
   <l:gentext key="edited" text="Izdao"/>
   <l:gentext key="Editedby" text="Izdao"/>
   <l:gentext key="editedby" text="Izdao"/>
   <l:gentext key="in" text="u"/>
   <l:gentext key="lastlistcomma" text=","/>
   <l:gentext key="listcomma" text=","/>
   <l:gentext key="nonexistantelement" text="nepostoje&#263;i element"/>
   <l:gentext key="notes" text="Bilje&#353;ke"/>
   <l:gentext key="Notes" text="Bilje&#353;ke"/>
   <l:gentext key="Pgs" text="Str."/>
   <l:gentext key="pgs" text="Str."/>
   <l:gentext key="Revisedby" text="Izmijenjeno od: "/>
   <l:gentext key="revisedby" text="Izmijenjeno od: "/>
   <l:gentext key="TableNotes" text="Napomene"/>
   <l:gentext key="tablenotes" text="Napomene"/>
   <l:gentext key="TableofContents" text="Sadr&#382;aj"/>
   <l:gentext key="tableofcontents" text="Sadr&#382;aj"/>
   <l:gentext key="the" text=""/>
   <l:gentext key="unexpectedelementname" text="Neo&#269;kivano ime elementa"/>
   <l:gentext key="unsupported" text="nepodr&#382;ano"/>
   <l:gentext key="xrefto" text="xref prema"/>
   <l:gentext key="listofequations" text="Spisak jedna&#269;ina"/>
   <l:gentext key="ListofEquations" text="Spisak jedna&#269;ina"/>
   <l:gentext key="ListofExamples" text="Spisak primjera"/>
   <l:gentext key="listofexamples" text="Spisak primjera"/>
   <l:gentext key="ListofFigures" text="Spisak slika"/>
   <l:gentext key="listoffigures" text="Spisak slika"/>
   <l:gentext key="ListofProcedures" text="Spisak postupaka"/>
   <l:gentext key="listofprocedures" text="Spisak postupaka"/>
   <l:gentext key="listoftables" text="Spisak tabela"/>
   <l:gentext key="ListofTables" text="Spisak tabela"/>
   <l:gentext key="ListofUnknown" text="Spisak ???"/>
   <l:gentext key="listofunknown" text="Spisak ???"/>
   <l:gentext key="nav-home" text="Po&#269;etak"/>
   <l:gentext key="nav-next" text="Naprijed"/>
   <l:gentext key="nav-next-sibling" text="Brzo naprijed"/>
   <l:gentext key="nav-prev" text="Nazad"/>
   <l:gentext key="nav-prev-sibling" text="Brzo nazad"/>
   <l:gentext key="nav-up" text="Gore"/>
   <l:gentext key="nav-toc" text="Sadr&#382;aj"/>
   <l:gentext key="Draft" text="Nacrt"/>
   <l:gentext key="above" text="iznad"/>
   <l:gentext key="below" text="ispod"/>
   <l:gentext key="sectioncalled" text="odjeljak sa nazivom"/>
   <l:gentext key="index symbols" text="Simboli"/>
   <l:gentext key="lowercase.alpha" text="abc&#269;&#263;d&#273;efghijklmnoprs&#353;tuvz&#382;"/>
   <l:gentext key="uppercase.alpha" text="ABC&#268;&#262;D&#272;EFGHIJKLMNOPRS&#352;TUVZ&#381;"/>
   <l:dingbat key="startquote" text="&#8220;"/>
   <l:dingbat key="endquote" text="&#8221;"/>
   <l:dingbat key="nestedstartquote" text="&#8216;"/>
   <l:dingbat key="nestedendquote" text="&#8217;"/>
   <l:dingbat key="singlestartquote" text="&#8216;"/>
   <l:dingbat key="singleendquote" text="&#8217;"/>
   <l:dingbat key="bullet" text="&#8226;"/>
   <l:gentext key="hyphenation-character" text="-"/>
   <l:gentext key="hyphenation-push-character-count" text="2"/>
   <l:gentext key="hyphenation-remain-character-count" text="3"/>

   <l:context name="styles">
      <l:template name="person-name" text="first-last"/>
   </l:context>

   <l:context name="title">
      <l:template name="abstract" text="%t"/>
      <l:template name="answer" text="%t"/>
      <l:template name="appendix" text="Dodatak&#160;%n.&#160;%t"/>
      <l:template name="article" text="%t"/>
      <l:template name="authorblurb" text="%t"/>
      <l:template name="bibliodiv" text="%t"/>
      <l:template name="biblioentry" text="%t"/>
      <l:template name="bibliography" text="%t"/>
      <l:template name="bibliolist" text="%t"/>
      <l:template name="bibliomixed" text="%t"/>
      <l:template name="bibliomset" text="%t"/>
      <l:template name="biblioset" text="%t"/>
      <l:template name="blockquote" text="%t"/>
      <l:template name="book" text="%t"/>
      <l:template name="calloutlist" text="%t"/>
      <l:template name="caution" text="%t"/>
      <l:template name="chapter" text="Poglavlje&#160;%n.&#160;%t"/>
      <l:template name="colophon" text="%t"/>
      <l:template name="dedication" text="%t"/>
      <l:template name="equation" text="Jedna&#269;ina&#160;%n.&#160;%t"/>
      <l:template name="example" text="Primjer&#160;%n.&#160;%t"/>
      <l:template name="figure" text="Slika&#160;%n.&#160;%t"/>
      <l:template name="formalpara" text="%t"/>
      <l:template name="glossary" text="%t"/>
      <l:template name="glossdiv" text="%t"/>
      <l:template name="glosslist" text="%t"/>
      <l:template name="glossentry" text="%t"/>
      <l:template name="important" text="%t"/>
      <l:template name="index" text="%t"/>
      <l:template name="indexdiv" text="%t"/>
      <l:template name="itemizedlist" text="%t"/>
      <l:template name="legalnotice" text="%t"/>
      <l:template name="listitem" text=""/>
      <l:template name="lot" text="%t"/>
      <l:template name="msg" text="%t"/>
      <l:template name="msgexplan" text="%t"/>
      <l:template name="msgmain" text="%t"/>
      <l:template name="msgrel" text="%t"/>
      <l:template name="msgset" text="%t"/>
      <l:template name="msgsub" text="%t"/>
      <l:template name="note" text="%t"/>
      <l:template name="orderedlist" text="%t"/>
      <l:template name="part" text="Dio&#160;%n.&#160;%t"/>
      <l:template name="partintro" text="%t"/>
      <l:template name="preface" text="%t"/>
      <l:template name="procedure" text="%t"/>
      <l:template name="procedure.formal" text="Postupak&#160;%n.&#160;%t"/>
      <l:template name="productionset" text="%t"/>
      <l:template name="productionset.formal" text="Produkcija&#160;%n"/>
      <l:template name="qandadiv" text="%t"/>
      <l:template name="qandaentry" text="%t"/>
      <l:template name="qandaset" text="%t"/>
      <l:template name="question" text="%t"/>
      <l:template name="refentry" text="%t"/>
      <l:template name="reference" text="%t"/>
      <l:template name="refsection" text="%t"/>
      <l:template name="refsect1" text="%t"/>
      <l:template name="refsect2" text="%t"/>
      <l:template name="refsect3" text="%t"/>
      <l:template name="refsynopsisdiv" text="%t"/>
      <l:template name="refsynopsisdivinfo" text="%t"/>
      <l:template name="segmentedlist" text="%t"/>
      <l:template name="set" text="%t"/>
      <l:template name="setindex" text="%t"/>
      <l:template name="sidebar" text="%t"/>
      <l:template name="step" text="%t"/>
      <l:template name="table" text="Tabela&#160;%n.&#160;%t"/>
      <l:template name="task" text="%t"/>
      <l:template name="tip" text="%t"/>
      <l:template name="toc" text="%t"/>
      <l:template name="variablelist" text="%t"/>
      <l:template name="varlistentry" text=""/>
      <l:template name="warning" text="%t"/>
   </l:context>

   <l:context name="title-unnumbered">
      <l:template name="appendix" text="%t"/>
      <l:template name="article/appendix" text="%t"/>
      <l:template name="bridgehead" text="%t"/>
      <l:template name="chapter" text="%t"/>
      <l:template name="sect1" text="%t"/>
      <l:template name="sect2" text="%t"/>
      <l:template name="sect3" text="%t"/>
      <l:template name="sect4" text="%t"/>
      <l:template name="sect5" text="%t"/>
      <l:template name="section" text="%t"/>
      <l:template name="simplesect" text="%t"/>
   </l:context>

   <l:context name="title-numbered">
      <l:template name="appendix" text="Dodatak&#160;%n.&#160;%t"/>
      <l:template name="article/appendix" text="%n.&#160;%t"/>
      <l:template name="bridgehead" text="%n.&#160;%t"/>
      <l:template name="chapter" text="Poglavlje&#160;%n.&#160;%t"/>
      <l:template name="sect1" text="%n.&#160;%t"/>
      <l:template name="sect2" text="%n.&#160;%t"/>
      <l:template name="sect3" text="%n.&#160;%t"/>
      <l:template name="sect4" text="%n.&#160;%t"/>
      <l:template name="sect5" text="%n.&#160;%t"/>
      <l:template name="section" text="%n.&#160;%t"/>
      <l:template name="simplesect" text="%t"/>
   </l:context>

   <l:context name="subtitle">
      <l:template name="appendix" text="%s"/>
      <l:template name="article" text="%s"/>
      <l:template name="bibliodiv" text="%s"/>
      <l:template name="biblioentry" text="%s"/>
      <l:template name="bibliography" text="%s"/>
      <l:template name="bibliomixed" text="%s"/>
      <l:template name="bibliomset" text="%s"/>
      <l:template name="biblioset" text="%s"/>
      <l:template name="book" text="%s"/>
      <l:template name="chapter" text="%s"/>
      <l:template name="colophon" text="%s"/>
      <l:template name="dedication" text="%s"/>
      <l:template name="glossary" text="%s"/>
      <l:template name="glossdiv" text="%s"/>
      <l:template name="index" text="%s"/>
      <l:template name="indexdiv" text="%s"/>
      <l:template name="lot" text="%s"/>
      <l:template name="part" text="%s"/>
      <l:template name="partintro" text="%s"/>
      <l:template name="preface" text="%s"/>
      <l:template name="refentry" text="%s"/>
      <l:template name="reference" text="%s"/>
      <l:template name="refsection" text="%s"/>
      <l:template name="refsect1" text="%s"/>
      <l:template name="refsect2" text="%s"/>
      <l:template name="refsect3" text="%s"/>
      <l:template name="refsynopsisdiv" text="%s"/>
      <l:template name="sect1" text="%s"/>
      <l:template name="sect2" text="%s"/>
      <l:template name="sect3" text="%s"/>
      <l:template name="sect4" text="%s"/>
      <l:template name="sect5" text="%s"/>
      <l:template name="section" text="%s"/>
      <l:template name="set" text="%s"/>
      <l:template name="setindex" text="%s"/>
      <l:template name="sidebar" text="%s"/>
      <l:template name="simplesect" text="%s"/>
      <l:template name="toc" text="%s"/>
   </l:context>

   <l:context name="xref">
      <l:template name="abstract" text="%t"/>
      <l:template name="answer" text="O:&#160;%n"/>
      <l:template name="appendix" text="%t"/>
      <l:template name="article" text="%t"/>
      <l:template name="authorblurb" text="%t"/>
      <l:template name="bibliodiv" text="%t"/>
      <l:template name="bibliography" text="%t"/>
      <l:template name="bibliomset" text="%t"/>
      <l:template name="biblioset" text="%t"/>
      <l:template name="blockquote" text="%t"/>
      <l:template name="book" text="%t"/>
      <l:template name="calloutlist" text="%t"/>
      <l:template name="caution" text="%t"/>
      <l:template name="chapter" text="%t"/>
      <l:template name="colophon" text="%t"/>
      <l:template name="constraintdef" text="%t"/>
      <l:template name="dedication" text="%t"/>
      <l:template name="equation" text="%t"/>
      <l:template name="example" text="%t"/>
      <l:template name="figure" text="%t"/>
      <l:template name="formalpara" text="%t"/>
      <l:template name="glossary" text="%t"/>
      <l:template name="glossdiv" text="%t"/>
      <l:template name="important" text="%t"/>
      <l:template name="index" text="%t"/>
      <l:template name="indexdiv" text="%t"/>
      <l:template name="itemizedlist" text="%t"/>
      <l:template name="legalnotice" text="%t"/>
      <l:template name="listitem" text="%n"/>
      <l:template name="lot" text="%t"/>
      <l:template name="msg" text="%t"/>
      <l:template name="msgexplan" text="%t"/>
      <l:template name="msgmain" text="%t"/>
      <l:template name="msgrel" text="%t"/>
      <l:template name="msgset" text="%t"/>
      <l:template name="msgsub" text="%t"/>
      <l:template name="note" text="%t"/>
      <l:template name="orderedlist" text="%t"/>
      <l:template name="part" text="%t"/>
      <l:template name="partintro" text="%t"/>
      <l:template name="preface" text="%t"/>
      <l:template name="procedure" text="%t"/>
      <l:template name="productionset" text="%t"/>
      <l:template name="qandadiv" text="%t"/>
      <l:template name="qandaentry" text="P:&#160;%n"/>
      <l:template name="qandaset" text="%t"/>
      <l:template name="question" text="P:&#160;%n"/>
      <l:template name="reference" text="%t"/>
      <l:template name="refsynopsisdiv" text="%t"/>
      <l:template name="segmentedlist" text="%t"/>
      <l:template name="set" text="%t"/>
      <l:template name="setindex" text="%t"/>
      <l:template name="sidebar" text="%t"/>
      <l:template name="table" text="%t"/>
      <l:template name="tip" text="%t"/>
      <l:template name="toc" text="%t"/>
      <l:template name="variablelist" text="%t"/>
      <l:template name="varlistentry" text="%n"/>
      <l:template name="warning" text="%t"/>
      <l:template name="olink.document.citation" text=" u %o"/>
      <l:template name="olink.page.citation" text=" (strana %p)"/>
      <l:template name="page.citation" text=" [%p]"/>
      <l:template name="page" text="(strana %p)"/>
      <l:template name="docname" text=" u %o"/>
      <l:template name="docnamelong" text=" u dokumentu sa naslovom %o"/>
      <l:template name="pageabbrev" text="(s. %p)"/>
      <l:template name="Page" text="Strana %p"/>
      <l:template name="bridgehead" text="odjeljak sa nazivom &#8220;%t&#8221;"/>
      <l:template name="refsection" text="odjeljak sa nazivom &#8220;%t&#8221;"/>
      <l:template name="refsect1" text="odjeljak sa nazivom &#8220;%t&#8221;"/>
      <l:template name="refsect2" text="odjeljak sa nazivom &#8220;%t&#8221;"/>
      <l:template name="refsect3" text="odjeljak sa nazivom &#8220;%t&#8221;"/>
      <l:template name="sect1" text="odjeljak sa nazivom &#8220;%t&#8221;"/>
      <l:template name="sect2" text="odjeljak sa nazivom &#8220;%t&#8221;"/>
      <l:template name="sect3" text="odjeljak sa nazivom &#8220;%t&#8221;"/>
      <l:template name="sect4" text="odjeljak sa nazivom &#8220;%t&#8221;"/>
      <l:template name="sect5" text="odjeljak sa nazivom &#8220;%t&#8221;"/>
      <l:template name="section" text="odjeljak sa nazivom &#8220;%t&#8221;"/>
      <l:template name="simplesect" text="odjeljak sa nazivom &#8220;%t&#8221;"/>
   </l:context>

   <l:context name="xref-number">
      <l:template name="answer" text="O:&#160;%n"/>
      <l:template name="appendix" text="Dodatak&#160;%n"/>
      <l:template name="bridgehead" text="Odjeljak&#160;%n"/>
      <l:template name="chapter" text="Poglavlje&#160;%n"/>
      <l:template name="equation" text="Jedna&#269;ina&#160;%n"/>
      <l:template name="example" text="Primjer&#160;%n"/>
      <l:template name="figure" text="Slika&#160;%n"/>
      <l:template name="part" text="Dio&#160;%n"/>
      <l:template name="procedure" text="Postupak&#160;%n"/>
      <l:template name="productionset" text="Produkcija&#160;%n"/>
      <l:template name="qandadiv" text="P &amp; O&#160;%n"/>
      <l:template name="qandaentry" text="P:&#160;%n"/>
      <l:template name="question" text="P:&#160;%n"/>
      <l:template name="sect1" text="Odjeljak&#160;%n"/>
      <l:template name="sect2" text="Odjeljak&#160;%n"/>
      <l:template name="sect3" text="Odjeljak&#160;%n"/>
      <l:template name="sect4" text="Odjeljak&#160;%n"/>
      <l:template name="sect5" text="Odjeljak&#160;%n"/>
      <l:template name="section" text="Odjeljak&#160;%n"/>
      <l:template name="table" text="Tabela&#160;%n"/>
   </l:context>

   <l:context name="xref-number-and-title">
      <l:template name="appendix" text="Dodatak&#160;%n, %t"/>
      <l:template name="bridgehead" text="Odjeljak&#160;%n, &#8220;%t&#8221;"/>
      <l:template name="chapter" text="Poglavlje&#160;%n, %t"/>
      <l:template name="equation" text="Jedna&#269;ina&#160;%n, &#8220;%t&#8221;"/>
      <l:template name="example" text="Primjer&#160;%n, &#8220;%t&#8221;"/>
      <l:template name="figure" text="Slika&#160;%n, &#8220;%t&#8221;"/>
      <l:template name="part" text="Dio&#160;%n, &#8220;%t&#8221;"/>
      <l:template name="procedure" text="Postupak&#160;%n, &#8220;%t&#8221;"/>
      <l:template name="productionset" text="Produkcija&#160;%n, &#8220;%t&#8221;"/>
      <l:template name="qandadiv" text="P &amp; O&#160;%n, &#8220;%t&#8221;"/>
      <l:template name="refsect1" text="odjeljak sa nazivom &#8220;%t&#8221;"/>
      <l:template name="refsect2" text="odjeljak sa nazivom &#8220;%t&#8221;"/>
      <l:template name="refsect3" text="odjeljak sa nazivom &#8220;%t&#8221;"/>
      <l:template name="refsection" text="odjeljak sa nazivom &#8220;%t&#8221;"/>
      <l:template name="sect1" text="Odjeljak&#160;%n, &#8220;%t&#8221;"/>
      <l:template name="sect2" text="Odjeljak&#160;%n, &#8220;%t&#8221;"/>
      <l:template name="sect3" text="Odjeljak&#160;%n, &#8220;%t&#8221;"/>
      <l:template name="sect4" text="Odjeljak&#160;%n, &#8220;%t&#8221;"/>
      <l:template name="sect5" text="Odjeljak&#160;%n, &#8220;%t&#8221;"/>
      <l:template name="section" text="Odjeljak&#160;%n, &#8220;%t&#8221;"/>
      <l:template name="simplesect" text="odjeljak sa nazivom &#8220;%t&#8221;"/>
      <l:template name="table" text="Tabela&#160;%n, &#8220;%t&#8221;"/>
   </l:context>

   <l:context name="authorgroup">
      <l:template name="sep" text=", "/>
      <l:template name="sep2" text=" i "/>
      <l:template name="seplast" text=" i "/>
   </l:context>

   <l:context name="glossary">
      <l:template name="see" text="Vidi "/>
      <l:template name="seealso" text="Vidi tako&#273;e "/>
   </l:context>

   <l:context name="msgset">
      <l:template name="MsgAud" text="Primatelji: "/>
      <l:template name="MsgLevel" text="Nivo: "/>
      <l:template name="MsgOrig" text="Izvor: "/>
   </l:context>

   <l:context name="datetime">
      <l:template name="format" text="d.m.Y"/>
   </l:context>

   <l:context name="datetime-full">
      <l:template name="January" text="Januar"/>
      <l:template name="February" text="Februar"/>
      <l:template name="March" text="Mart"/>
      <l:template name="April" text="April"/>
      <l:template name="May" text="Maj"/>
      <l:template name="June" text="Juni"/>
      <l:template name="July" text="Juli"/>
      <l:template name="August" text="August"/>
      <l:template name="September" text="Septembar"/>
      <l:template name="October" text="Oktobar"/>
      <l:template name="November" text="Novembar"/>
      <l:template name="December" text="Decembar"/>
      <l:template name="Monday" text="Ponedeljak"/>
      <l:template name="Tuesday" text="Utorak"/>
      <l:template name="Wednesday" text="Srijeda"/>
      <l:template name="Thursday" text="&#268;etvrtak"/>
      <l:template name="Friday" text="Petak"/>
      <l:template name="Saturday" text="Subota"/>
      <l:template name="Sunday" text="Nedelja"/>
   </l:context>

   <l:context name="datetime-abbrev">
      <l:template name="Jan" text="Jan"/>
      <l:template name="Feb" text="Feb"/>
      <l:template name="Mar" text="Mar"/>
      <l:template name="Apr" text="Apr"/>
      <l:template name="May" text="Maj"/>
      <l:template name="Jun" text="Jun"/>
      <l:template name="Jul" text="Jul"/>
      <l:template name="Aug" text="Aug"/>
      <l:template name="Sep" text="Sep"/>
      <l:template name="Oct" text="Okt"/>
      <l:template name="Nov" text="Nov"/>
      <l:template name="Dec" text="Dec"/>
      <l:template name="Mon" text="Pon"/>
      <l:template name="Tue" text="Uto"/>
      <l:template name="Wed" text="Sri"/>
      <l:template name="Thu" text="&#268;et"/>
      <l:template name="Fri" text="Pet"/>
      <l:template name="Sat" text="Sub"/>
      <l:template name="Sun" text="Ned"/>
   </l:context>

   <l:context name="htmlhelp">
      <l:template name="langcode" text="0x141A Bosnian (Bosnia/Herzegovina)"/>
   </l:context>

   <l:letters>
      <l:l i="-1"/>
      <l:l i="0">Simboli</l:l>
      <l:l i="10">A</l:l>
      <l:l i="10">a</l:l>
      <l:l i="20">B</l:l>
      <l:l i="20">b</l:l>
      <l:l i="30">C</l:l>
      <l:l i="30">c</l:l>
      <l:l i="30">&#262;</l:l>
      <l:l i="30">&#263;</l:l>
      <l:l i="30">&#268;</l:l>
      <l:l i="30">&#269;</l:l>
      <l:l i="40">D</l:l>
      <l:l i="40">d</l:l>
      <l:l i="40">&#272;</l:l>
      <l:l i="40">&#273;</l:l>
      <l:l i="50">E</l:l>
      <l:l i="50">e</l:l>
      <l:l i="60">F</l:l>
      <l:l i="60">f</l:l>
      <l:l i="70">G</l:l>
      <l:l i="70">g</l:l>
      <l:l i="80">H</l:l>
      <l:l i="80">h</l:l>
      <l:l i="90">I</l:l>
      <l:l i="90">i</l:l>
      <l:l i="100">J</l:l>
      <l:l i="100">j</l:l>
      <l:l i="110">K</l:l>
      <l:l i="110">k</l:l>
      <l:l i="120">L</l:l>
      <l:l i="120">l</l:l>
      <l:l i="130">M</l:l>
      <l:l i="130">m</l:l>
      <l:l i="140">N</l:l>
      <l:l i="140">n</l:l>
      <l:l i="150">O</l:l>
      <l:l i="150">o</l:l>
      <l:l i="160">P</l:l>
      <l:l i="160">p</l:l>
      <l:l i="180">R</l:l>
      <l:l i="180">r</l:l>
      <l:l i="190">S</l:l>
      <l:l i="190">s</l:l>
      <l:l i="190">&#352;</l:l>
      <l:l i="190">&#353;</l:l>
      <l:l i="200">T</l:l>
      <l:l i="200">t</l:l>
      <l:l i="210">U</l:l>
      <l:l i="210">u</l:l>
      <l:l i="220">V</l:l>
      <l:l i="220">v</l:l>
      <l:l i="260">Z</l:l>
      <l:l i="260">z</l:l>
      <l:l i="260">&#381;</l:l>
      <l:l i="260">&#382;</l:l>
   </l:letters>
</l:l10n>
